Name,Username,Category,Subcategory,Instagram Username
Sachin Tendulkar,,Sports,Cricket,sachintendulkar
Virat Kohli,,Sports,Cricket,virat.kohli
MS Dhoni,,Sports,Cricket,mahi7781
Ricky Ponting,,Sports,Cricket,rickyponting
Brian Lara,,Sports,Cricket,brianlaraofficial
Jacques Kallis,,Sports,Cricket,jacqueskallis
Shane Warne,,Sports,Cricket,shanewarne23
Wasim Akram,,Sports,Cricket,wasimakramliveofficial
Muttiah Muralitharan,,Sports,Cricket,muttiahmuralitharan
Rahul Dravid,,Sports,Cricket,rahuldravidofficial
AB de Villiers,,Sports,Cricket,abdevilliers17
Chris Gayle,,Sports,Cricket,chrisgayle333
Kumar Sangakkara,,Sports,Cricket,sangalefthander
Adam Gilchrist,,Sports,Cricket,gilly381
Brett Lee,,Sports,Cricket,brettlee_58
Glenn McGrath,,Sports,Cricket,glennmcgrath11
Andrew Flintoff,,Sports,Cricket,aflintoff11
Sourav Ganguly,,Sports,Cricket,souravganguly
Virender Sehwag,,Sports,Cricket,virendersehwag
Kevin Pietersen,,Sports,Cricket,kevinpietersen
Imran Khan,,Sports,Cricket,imrankhan
Allan Border,,Sports,Cricket,CDVPBvpFbgk
Courtney Walsh,,Sports,Cricket,courtneywalsh
Michael Holding,,Sports,Cricket,michaelhholding
Kapil Dev,,Sports,Cricket,therealkapildev
Sunil Gavaskar,,Sports,Cricket,gavaskarsunilofficial
Anil Kumble,,Sports,Cricket,anil.kumble
Javed Miandad,,Sports,Cricket,i_javedmiandad
Inzamam-ul-Haq,,Sports,Cricket,imamulhaqofficial
Shaun Pollock,,Sports,Cricket,7polly7
Graeme Smith,,Sports,Cricket,graemesmith49
Mahela Jayawardene,,Sports,Cricket,mahela27
Kumar Sangakkara,,Sports,Cricket,sangalefthander
Lasith Malinga,,Sports,Cricket,malinga_ninety9
Jacques Kallis,,Sports,Cricket,jacqueskallis
Brendon McCullum,,Sports,Cricket,bazmccullum42
Shane Bond,,Sports,Cricket,shanebond87
Steve Waugh,,Sports,Cricket,stevewaugh
Mark Waugh,,Sports,Cricket,markymarkwaugh
Viv Richards,,Sports,Cricket,officiallyvivian
Curtly Ambrose,,Sports,Cricket,curtlyambrose_
Courtney Walsh,,Sports,Cricket,courtneywalsh
Ian Botham,,Sports,Cricket,sirianbotham
David Gower,,Sports,Cricket,gower.david
Andrew Strauss,,Sports,Cricket,andrewstrauss_official
Graeme Swann,,Sports,Cricket,officialgraemeswann
Alastair Cook,,Sports,Cricket,alastaircook84
Joe Root,,Sports,Cricket,root66
Ben Stokes,,Sports,Cricket,stokesy
James Anderson,,Sports,Cricket,jimmya9
Stuart Broad,,Sports,Cricket,stuartbroad
Jos Buttler,,Sports,Cricket,josbuttler
Kane Williamson,,Sports,Cricket,kane_s_w
Ross Taylor,,Sports,Cricket,rossltaylor3
Daniel Vettori,,Sports,Cricket,danielvettori2
Shoaib Akhtar,,Sports,Cricket,imshoaibakhtar
Waqar Younis,,Sports,Cricket,waqyounis99
Saqlain Mushtaq,,Sports,Cricket,saqlain_mushtaq_
Abdul Qadir,,Sports,Cricket,abdulqadir_ary
Saeed Anwar,,Sports,Cricket,shahidanwarllc
Mohammad Yousuf,,Sports,Cricket,yousafrunmachine
Shahid Afridi,,Sports,Cricket,safridiofficial
Wasim Akram,,Sports,Cricket,wasimakramliveofficial
Misbah-ul-Haq,,Sports,Cricket,realmisbahulhaq
Shoaib Malik,,Sports,Cricket,realshoaibmalik
Azhar Mahmood,,Sports,Cricket,azharmahmood11
Kamran Akmal,,Sports,Cricket,kamranakmal23
Younis Khan,,Sports,Cricket,younusk75
Mohammad Hafeez,,Sports,Cricket,m_hafeez8
Umar Gul,,Sports,Cricket,umargulofficial
Shahid Afridi,,Sports,Cricket,safridiofficial
Faf du Plessis,,Sports,Cricket,fafdup
Hashim Amla,,Sports,Cricket,hashamla
AB de Villiers,,Sports,Cricket,abdevilliers17
Dale Steyn,,Sports,Cricket,dalesteyn
Kagiso Rabada,,Sports,Cricket,rabada_25
Quinton de Kock,,Sports,Cricket,qdk_12
Faf du Plessis,,Sports,Cricket,fafdup
Graeme Smith,,Sports,Cricket,graemesmith49
Mark Boucher,,Sports,Cricket,mark_miles_boucher
Barry Richards,,Sports,Cricket,bcrich67
Lance Klusener,,Sports,Cricket,lance.klusener69
Paul Adams,,Sports,Cricket,pauladams39
Mike Procter,,Sports,Cricket,mikeprocter13
Kepler Wessels,,Sports,Cricket,kepler_wessels
Allan Donald,,Sports,Cricket,allan.don33
Clive Rice,,Sports,Cricket,CzdZDvMyh2d
Jonty Rhodes,,Sports,Cricket,jontyrhodes8
Hansie Cronje,,Sports,Cricket,cronjehansie
Jacques Rudolph,,Sports,Cricket,jacques_rudolph
AB de Villiers,,Sports,Cricket,abdevilliers17
Shaun Pollock,,Sports,Cricket,7polly7
Makhaya Ntini,,Sports,Cricket,nmakhaya
Vernon Philander,,Sports,Cricket,vernon_philander
David Miller,,Sports,Cricket,davidmillersa12
Herschelle Gibbs,,Sports,Cricket,herschellegibbs
Morne Morkel,,Sports,Cricket,mornemorkel65
Dale Steyn,,Sports,Cricket,dalesteyn
Shaun Pollock,,Sports,Cricket,7polly7
Imran Tahir,,Sports,Cricket,imrantahirsa99
Ravi Shastri,,Sports,Cricket,ravishastriofficial
Ajinkya Rahane,,Sports,Cricket,ajinkyarahane
Ravindra Jadeja,,Sports,Cricket,royalnavghan
Yuvraj Singh,,Sports,Cricket,yuvisofficial
Gautam Gambhir,,Sports,Cricket,gautamgambhir55
Harbhajan Singh,,Sports,Cricket,harbhajan3
Zaheer Khan,,Sports,Cricket,zaheer_khan34
Irfan Pathan,,Sports,Cricket,irfanpathan_official
Yusuf Pathan,,Sports,Cricket,yusuf_pathan
Mohammad Kaif,,Sports,Cricket,mohammadkaif87
Vinod Kambli,,Sports,Cricket,vinodkambli2016
Robin Singh,,Sports,Cricket,robin_singh_23
VVS Laxman,,Sports,Cricket,vvslaxman281
Venkatesh Prasad,,Sports,Cricket,bkvenkateshprasad
Ashish Nehra,,Sports,Cricket,ashish.nehra64
Anil Kumble,,Sports,Cricket,anil.kumble
Virender Sehwag,,Sports,Cricket,virendersehwag
Wasim Jaffer,,Sports,Cricket,wasimjaffer14
Parthiv Patel,,Sports,Cricket,parthiv9
Munaf Patel,,Sports,Cricket,munafpatel13
RP Singh,,Sports,Cricket,rpsingh99
Pragyan Ojha,,Sports,Cricket,pragyanojha
Murali Kartik,,Sports,Cricket,muralikartik
Sourav Ganguly,,Sports,Cricket,souravganguly
Mohammad Azharuddin,,Sports,Cricket,azharflicks
Suresh Raina,,Sports,Cricket,sureshraina3
Dinesh Karthik,,Sports,Cricket,dk00019
Manoj Tiwary,,Sports,Cricket,mannirocks14
Wriddhiman Saha,,Sports,Cricket,wriddhi
Ambati Rayudu,,Sports,Cricket,a.t.rayudu
Cheteshwar Pujara,,Sports,Cricket,cheteshwar_pujara
Ravichandran Ashwin,,Sports,Cricket,rashwin99
Ishant Sharma,,Sports,Cricket,ishant_gsss
Bhuvneshwar Kumar,,Sports,Cricket,imbhuvi
Mohammed Shami,,Sports,Cricket,mdshami.11
Umesh Yadav,,Sports,Cricket,umeshyaadav
Shikhar Dhawan,,Sports,Cricket,shikhardofficial
KL Rahul,,Sports,Cricket,klrahul
Hardik Pandya,,Sports,Cricket,hardikpandya93
Jasprit Bumrah,,Sports,Cricket,jaspritb1
Kuldeep Yadav,,Sports,Cricket,kuldeep_18
Yuzvendra Chahal,,Sports,Cricket,yuzi_chahal23
Rishabh Pant,,Sports,Cricket,rishabpant
Mayank Agarwal,,Sports,Cricket,mayankagarawal
Prithvi Shaw,,Sports,Cricket,prithvishaw
Hanuma Vihari,,Sports,Cricket,viharigh
Axar Patel,,Sports,Cricket,akshar.patel
Shardul Thakur,,Sports,Cricket,shardul_thakur
Washington Sundar,,Sports,Cricket,washisundar555
Mohammed Siraj,,Sports,Cricket,mohammedsirajofficial
Shardul Thakur,,Sports,Cricket,shardul_thakur
Cameron Green,,Sports,Cricket,__camgreen__
Marnus Labuschagne,,Sports,Cricket,marnus3
Pat Cummins,,Sports,Cricket,patcummins30
Josh Hazlewood,,Sports,Cricket,josh.hazlewood.38
Mitchell Starc,,Sports,Cricket,mstarc56
Nathan Lyon,,Sports,Cricket,nath.lyon421
Tim Paine,,Sports,Cricket,timpaine1official
Steve Smith,,Sports,Cricket,steve_smith49
David Warner,,Sports,Cricket,davidwarner31
Glenn Maxwell,,Sports,Cricket,gmaxi_32
Marcus Stoinis,,Sports,Cricket,marcusstoinis
Aaron Finch,,Sports,Cricket,aaronfinch5
Usman Khawaja,,Sports,Cricket,usman_khawajy
Shaun Marsh,,Sports,Cricket,shaunmarsh9
Matthew Wade,,Sports,Cricket,matthewwade13
Peter Handscomb,,Sports,Cricket,phandscomb54
James Pattinson,,Sports,Cricket,jimmypattinson
Mitchell Marsh,,Sports,Cricket,mitchmarsh235
Adam Zampa,,Sports,Cricket,limoncello.papi
Ashton Agar,,Sports,Cricket,aagar1
D'Arcy Short,,Sports,Cricket,shortyjnr23
Josh Philippe,,Sports,Cricket,joshphilippe
Alex Carey,,Sports,Cricket,alexcarey_5
Moises Henriques,,Sports,Cricket,mozzie21
Mitchell Johnson,,Sports,Cricket,mitchjohnson398
Glenn McGrath,,Sports,Cricket,glennmcgrath11
Shane Warne,,Sports,Cricket,shanewarne23
Michael Clarke,,Sports,Cricket,michaelclarkeofficial
Ricky Ponting,,Sports,Cricket,rickyponting
Andrew Symonds,,Sports,Cricket,roysymonds
Adam Gilchrist,,Sports,Cricket,gilly381
Mark Waugh,,Sports,Cricket,markymarkwaugh
Steve Waugh,,Sports,Cricket,stevewaugh
Brett Lee,,Sports,Cricket,brettlee_58
Jason Gillespie,,Sports,Cricket,jason_s_gillespie
Michael Hussey,,Sports,Cricket,mhussey393
Andrew Flintoff,,Sports,Cricket,aflintoff11
Kevin Pietersen,,Sports,Cricket,kevinpietersen
Graeme Swann,,Sports,Cricket,officialgraemeswann
James Anderson,,Sports,Cricket,jimmya9
Stuart Broad,,Sports,Cricket,stuartbroad
Alastair Cook,,Sports,Cricket,alastaircook84
Joe Root,,Sports,Cricket,root66
Ben Stokes,,Sports,Cricket,stokesy
Jonny Bairstow,,Sports,Cricket,jbairstow21
Jos Buttler,,Sports,Cricket,josbuttler
Eoin Morgan,,Sports,Cricket,eoinmorgan16
Chris Woakes,,Sports,Cricket,chriswoakes
Jofra Archer,,Sports,Cricket,jofraarcher
Moeen Ali,,Sports,Cricket,moeenmunirali
Adil Rashid,,Sports,Cricket,adilrashid
Sam Curran,,Sports,Cricket,samcurran58
Tom Curran,,Sports,Cricket,tc59
Jason Roy,,Sports,Cricket,jasonroy20
Alex Hales,,Sports,Cricket,alexhales1
Liam Plunkett,,Sports,Cricket,pudsy190
Dawid Malan,,Sports,Cricket,djmalan29
Chris Jordan,,Sports,Cricket,cjrjordan
Mark Wood,,Sports,Cricket,mawood33
Joe Denly,,Sports,Cricket,joe.denly
Jack Leach,,Sports,Cricket,mjleach17
Dom Bess,,Sports,Cricket,dombess99
Rory Burns,,Sports,Cricket,roryjosephburns
Ollie Pope,,Sports,Cricket,opope32
Zak Crawley,,Sports,Cricket,CK0pUmMh6CY
Sam Billings,,Sports,Cricket,sambillings
Daniel Vettori,,Sports,Cricket,danielvettori2
Brendon McCullum,,Sports,Cricket,bazmccullum42
Ross Taylor,,Sports,Cricket,rossltaylor3
Faf du Plessis,,Sports,Cricket,fafdup
AB de Villiers,,Sports,Cricket,abdevilliers17
Kagiso Rabada,,Sports,Cricket,rabada_25
Quinton de Kock,,Sports,Cricket,qdk_12
Dale Steyn,,Sports,Cricket,dalesteyn
Hashim Amla,,Sports,Cricket,hashamla
JP Duminy,,Sports,Cricket,reels
Vernon Philander,,Sports,Cricket,vernon_philander
Imran Tahir,,Sports,Cricket,imrantahirsa99
David Miller,,Sports,Cricket,davidmillersa12
Temba Bavuma,,Sports,Cricket,tembabavuma
Lungi Ngidi,,Sports,Cricket,lungingidi
Chris Morris,,Sports,Cricket,tipo_morris
Keshav Maharaj,,Sports,Cricket,keshavmaharaj16
Anrich Nortje,,Sports,Cricket,anrich_nortje
Rassie van der Dussen,,Sports,Cricket,rassie72
Dean Elgar,,Sports,Cricket,dean.elgar
Heinrich Klaasen,,Sports,Cricket,heinie45
Tabraiz Shamsi,,Sports,Cricket,shamsi90
Aiden Markram,,Sports,Cricket,aidenmarkram
Andile Phehlukwayo,,Sports,Cricket,andile_phehlukwayo
Kagiso Rabada,,Sports,Cricket,rabada_25
Shikhar Dhawan,,Sports,Cricket,shikhardofficial
Ravindra Jadeja,,Sports,Cricket,royalnavghan
Ajinkya Rahane,,Sports,Cricket,ajinkyarahane
Ishant Sharma,,Sports,Cricket,ishant.sharma29
Jasprit Bumrah,,Sports,Cricket,jaspritb1
Mohammed Shami,,Sports,Cricket,mdshami.11
Hardik Pandya,,Sports,Cricket,hardikpandya93
Ravichandran Ashwin,,Sports,Cricket,rashwin99
Bhuvneshwar Kumar,,Sports,Cricket,imbhuvi
KL Rahul,,Sports,Cricket,klrahul
Mayank Agarwal,,Sports,Cricket,mayankagarawal
Hanuma Vihari,,Sports,Cricket,viharigh
Prithvi Shaw,,Sports,Cricket,prithvishaw
Shardul Thakur,,Sports,Cricket,shardul_thakur
Mohammed Siraj,,Sports,Cricket,mohammedsirajofficial
Wriddhiman Saha,,Sports,Cricket,wriddhi
Umesh Yadav,,Sports,Cricket,umeshyaadav
Cheteshwar Pujara,,Sports,Cricket,cheteshwar_pujara
Ross Taylor,,Sports,Cricket,rossltaylor3
Kane Williamson,,Sports,Cricket,kane_s_w
Trent Boult,,Sports,Cricket,trrrent_
Lockie Ferguson,,Sports,Cricket,lockieferguson
Colin de Grandhomme,,Sports,Cricket,cdegrandh
Tim Southee,,Sports,Cricket,tim_southee
Tom Latham,,Sports,Cricket,tomlatham2
Neil Wagner,,Sports,Cricket,neilwagner13
Kyle Jamieson,,Sports,Cricket,kylejamieson_
Devon Conway,,Sports,Cricket,devonconway88
Mitchell Santner,,Sports,Cricket,mitchsantner
BJ Watling,,Sports,Cricket,b_jwatling
Henry Nicholls,,Sports,Cricket,henrynicholls27
Matt Henry,,Sports,Cricket,mattyhenaz
Doug Bracewell,,Sports,Cricket,dougalba
Todd Astle,,Sports,Cricket,todd.astle
Daryl Mitchell,,Sports,Cricket,dazmitchell47
Will Young,,Sports,Cricket,willyoungofficial
Ajaz Patel,,Sports,Cricket,ajazpatel
Hamish Bennett,,Sports,Cricket,hkb52
Glenn Phillips,,Sports,Cricket,glennphillips236
Adam Milne,,Sports,Cricket,adammilne20
Jacob Duffy,,Sports,Cricket,duffman_32
Blair Tickner,,Sports,Cricket,ticks93
Mark Chapman,,Sports,Cricket,markchapman8
Scott Kuggeleijn,,Sports,Cricket,scottkuggeleijn
George Worker,,Sports,Cricket,georgeworker
Tom Blundell,,Sports,Cricket,tomblundellnz
Jeet Raval,,Sports,Cricket,jerryraval
Matt Henry,,Sports,Cricket,mattyhenaz
Colin Munro,,Sports,Cricket,munro82
Corey Anderson,,Sports,Cricket,c_j_anderson
Lockie Ferguson,,Sports,Cricket,lockieferguson
Mark Craig,,Sports,Cricket,gianevercace
Hamish Rutherford,,Sports,Cricket,hamishduncan72
Jacob Duffy,,Sports,Cricket,duffman_32
Doug Bracewell,,Sports,Cricket,dougalba
Neil Wagner,,Sports,Cricket,neilwagner13
Matt Henry,,Sports,Cricket,mattyhenaz
Logan van Beek,,Sports,Cricket,loganvanbeek
Michael Rippon,,Sports,Cricket,michaelrippon19
Ish Sodhi,,Sports,Cricket,ic3_odi
Mitchell McClenaghan,,Sports,Cricket,mitch_m81
Anton Devcich,,Sports,Cricket,antondevcich13
Seth Rance,,Sports,Cricket,sethrance12
Blair Tickner,,Sports,Cricket,ticks93
Todd Astle,,Sports,Cricket,todd.astle
Michael Bracewell,,Sports,Cricket,mikebracewell
James Neesham,,Sports,Cricket,jimmyneesham
Michael Rae,,Sports,Cricket,themikerae
Lionel Messi,,Sports,Football,leomessi
Cristiano Ronaldo,,Sports,Football,cristiano
Neymar Jr.,,Sports,Football,neymarjr
Robert Lewandowski,,Sports,Football,_rl9
Kylian Mbappé,,Sports,Football,k.mbappe
Mohamed Salah,,Sports,Football,mosalah
Kevin De Bruyne,,Sports,Football,kevindebruyne
Harry Kane,,Sports,Football,harrykane
Erling Haaland,,Sports,Football,erling.haaland
Virgil van Dijk,,Sports,Football,virgilvandijk
Sergio Ramos,,Sports,Football,sergioramos
Joshua Kimmich,,Sports,Football,jok_32
Sadio Mané,,Sports,Football,sadiomaneofficiel
Bruno Fernandes,,Sports,Football,brunofernandes8
Karim Benzema,,Sports,Football,karimbenzema
Manuel Neuer,,Sports,Football,manuelneuer
Luis Suárez,,Sports,Football,luissuarez9
Son Heung-min,,Sports,Football,hm_son7
Alisson Becker,,Sports,Football,alissonbecker
Raheem Sterling,,Sports,Football,sterling7
Romelu Lukaku,,Sports,Football,romelulukaku
Trent Alexander-Arnold,,Sports,Football,trentarnold66
Jan Oblak,,Sports,Football,oblakjan
N'Golo Kanté,,Sports,Football,nglkante
Heung-min Son,,Sports,Football,hm_son7
Romelu Lukaku,,Sports,Football,romelulukaku
Casemiro,,Sports,Football,casemiro
Paulo Dybala,,Sports,Football,paulodybala
Jamie Vardy,,Sports,Football,vardy7
Thiago Alcântara,,Sports,Football,thiago6
Riyad Mahrez,,Sports,Football,riyadmahrez26.7
Andrew Robertson,,Sports,Football,andyrobertson94
Ederson,,Sports,Football,ederson93
Kalidou Koulibaly,,Sports,Football,kkoulibaly26
Marc-André ter Stegen,,Sports,Football,mterstegen1
Aymeric Laporte,,Sports,Football,laporte
Roberto Firmino,,Sports,Football,roberto_firmino
Marco Reus,,Sports,Football,marcinho11
Jadon Sancho,,Sports,Football,sanchooo10
Ciro Immobile,,Sports,Football,ciroimmobile17
Luis Alberto,,Sports,Football,10_luisalberto
Raphaël Varane,,Sports,Football,raphaelvarane
Hakim Ziyech,,Sports,Football,hziyech
Thomas Müller,,Sports,Football,esmuellert
Frenkie de Jong,,Sports,Football,frenkiedejong
Marcus Rashford,,Sports,Football,marcusrashford
Miralem Pjanić,,Sports,Football,miralem_pjanic
João Félix,,Sports,Football,joaofelix79
Antoine Griezmann,,Sports,Football,antogriezmann
Serge Gnabry,,Sports,Football,sergegnabry
Virgil van Dijk,,Sports,Football,virgilvandijk
Erling Haaland,,Sports,Football,erling.haaland
Thiago Silva,,Sports,Football,thiagosilva
Timo Werner,,Sports,Football,timowerner
Gerard Piqué,,Sports,Football,3gerardpique
Marquinhos,,Sports,Football,marquinhosm5
Achraf Hakimi,,Sports,Football,achrafhakimi
Jordi Alba,,Sports,Football,jordialbaoficial
João Cancelo,,Sports,Football,jpcancelo
Toby Alderweireld,,Sports,Football,tobyalderweireld
Keylor Navas,,Sports,Football,keylornavas1
Jorginho,,Sports,Football,jorginhofrello
Ángel Di María,,Sports,Football,angeldimariajm
Lautaro Martínez,,Sports,Football,lautaromartinez
Leon Goretzka,,Sports,Football,leon_goretzka
Dani Carvajal,,Sports,Football,dani.carvajal.2
João Moutinho,,Sports,Football,joaomoutinho8
Nicolas Pépé,,Sports,Football,nicolas.pepe19
Dries Mertens,,Sports,Football,driesmertens
Jordan Henderson,,Sports,Football,jordanhenderson
Yannick Carrasco,,Sports,Football,yannickferreiracarrasco
Héctor Bellerín,,Sports,Football,hectorbellerin
Kai Havertz,,Sports,Football,kaihavertz29
Milan Škriniar,,Sports,Football,milanskriniar
Jack Grealish,,Sports,Football,jackgrealish
Sergej Milinković-Savić,,Sports,Football,sergej___21
Kalvin Phillips,,Sports,Football,kalvinphillips
Rodrigo,,Sports,Football,rodrygogoes
Achraf Hakimi,,Sports,Football,achrafhakimi
Dayot Upamecano,,Sports,Football,upamecano
Alex Telles,,Sports,Football,alextelles13
Paulo Dybala,,Sports,Football,paulodybala
Harry Maguire,,Sports,Football,harrymaguire93
Milan Škriniar,,Sports,Football,milanskriniar
Wilfred Ndidi,,Sports,Football,ndidi25
Memphis Depay,,Sports,Football,memphisdepay
David Alaba,,Sports,Football,davidalaba
Jamie Vardy,,Sports,Football,vardy7
Rúben Neves,,Sports,Football,rubendsneves
Mason Mount,,Sports,Football,masonmount
Thomas Partey,,Sports,Football,thomaspartey5
Leroy Sané,,Sports,Football,leroysane
Hakim Ziyech,,Sports,Football,hziyech
Declan Rice,,Sports,Football,declanrice
Federico Valverde,,Sports,Football,fedevalverde
Edinson Cavani,,Sports,Football,cavaniofficial21
Rúben Dias,,Sports,Football,rubendias
Sergio Agüero,,Sports,Football,kunaguero
Erling Braut Haaland,,Sports,Football,erling.haaland
Ansu Fati,,Sports,Football,ansufati
LeBron James,,Sports,Basketball,kingjames
Kevin Durant,,Sports,Basketball,easymoneysniper
Giannis Antetokounmpo,,Sports,Basketball,giannis_an34
Stephen Curry,,Sports,Basketball,stephencurry30
Kawhi Leonard,,Sports,Basketball,kawhielite
James Harden,,Sports,Basketball,jharden13
Luka Dončić,,Sports,Basketball,lukadoncic
Anthony Davis,,Sports,Basketball,anthonydavislaker
Damian Lillard,,Sports,Basketball,damianlillard
Joel Embiid,,Sports,Basketball,joelembiid
Nikola Jokić,,Sports,Basketball,jokicnikolaofficial
Jimmy Butler,,Sports,Basketball,jimmybutler
Jayson Tatum,,Sports,Basketball,jaytatum0
Russell Westbrook,,Sports,Basketball,russwest44
Chris Paul,,Sports,Basketball,cp3
Donovan Mitchell,,Sports,Basketball,spidadmitchell
Devin Booker,,Sports,Basketball,dbook
Jaylen Brown,,Sports,Basketball,fchwpo
Zach LaVine,,Sports,Basketball,zachlavine8
Paul George,,Sports,Basketball,ygtrece
Khris Middleton,,Sports,Basketball,k_mid22
Kyrie Irving,,Sports,Basketball,kyrieirving
Bradley Beal,,Sports,Basketball,bradbeal3
Trae Young,,Sports,Basketball,traeyoung
Rudy Gobert,,Sports,Basketball,rudygobert27
Draymond Green,,Sports,Basketball,money23green
Ben Simmons,,Sports,Basketball,bensimmons
Domantas Sabonis,,Sports,Basketball,dsabonis11
De'Aaron Fox,,Sports,Basketball,swipathefox
Julius Randle,,Sports,Basketball,juliusrandle30
Brandon Ingram,,Sports,Basketball,1ngram4
DeMar DeRozan,,Sports,Basketball,demar_derozan
Kemba Walker,,Sports,Basketball,_kw15
Gordon Hayward,,Sports,Basketball,gordonhayward
Shai Gilgeous-Alexander,,Sports,Basketball,shai
Clint Capela,,Sports,Basketball,ccapela15
John Wall,,Sports,Basketball,johnwall
CJ McCollum,,Sports,Basketball,3jmccollum
Tobias Harris,,Sports,Basketball,tobiasharris
Kyle Lowry,,Sports,Basketball,kyle_lowry7
Mike Conley,,Sports,Basketball,mac11
Jrue Holiday,,Sports,Basketball,jrue_holiday11
Zion Williamson,,Sports,Basketball,zionwilliamson
Christian Wood,,Sports,Basketball,chriswood_5
Deandre Ayton,,Sports,Basketball,deandreayton
Kristaps Porziņģis,,Sports,Basketball,kporzee
Lonzo Ball,,Sports,Basketball,zo
LaMelo Ball,,Sports,Basketball,melo
Malcolm Brogdon,,Sports,Basketball,malcolmbrogdon
Andre Drummond,,Sports,Basketball,drummond
Tobias Harris,,Sports,Basketball,tobiasharris
Fred VanVleet,,Sports,Basketball,fredvanvleet
Terry Rozier,,Sports,Basketball,rozier
Buddy Hield,,Sports,Basketball,buddylove
Bam Adebayo,,Sports,Basketball,bam1of1
Julius Randle,,Sports,Basketball,juliusrandle30
D'Angelo Russell,,Sports,Basketball,dloading
Al Horford,,Sports,Basketball,alhorford
Jaren Jackson Jr.,,Sports,Basketball,jaren
Jarrett Allen,,Sports,Basketball,jarrettallen30
Collin Sexton,,Sports,Basketball,collinyoungbull
Klay Thompson,,Sports,Basketball,klaythompson
Myles Turner,,Sports,Basketball,turner_myles
Eric Bledsoe,,Sports,Basketball,ebled2
Jeremy Grant,,Sports,Basketball,jeramigrant
Kevin Love,,Sports,Basketball,kevinlove
Dejounte Murray,,Sports,Basketball,dejountemurray
Victor Oladipo,,Sports,Basketball,victoroladipo
Devonte' Graham,,Sports,Basketball,dtaegraham
Jamal Murray,,Sports,Basketball,jmglitxh27
Montrezl Harrell,,Sports,Basketball,trezz_8
Marc Gasol,,Sports,Basketball,marcgasol
Norman Powell,,Sports,Basketball,normanpowell4
Kelly Oubre Jr.,,Sports,Basketball,kellyoubrejr
Derrick Rose,,Sports,Basketball,impjrose
Ricky Rubio,,Sports,Basketball,ruuufio
Bojan Bogdanović,,Sports,Basketball,bojanbogdanovic1874
Dennis Schröder,,Sports,Basketball,ds17_fg
Joe Ingles,,Sports,Basketball,_get_jingled_
T.J. Warren,,Sports,Basketball,t.warren1
Gary Harris,,Sports,Basketball,thats_g_
Otto Porter Jr.,,Sports,Basketball,CfADsTzBkSQ
Lonnie Walker IV,,Sports,Basketball,lonniewalkeriv
Danny Green,,Sports,Basketball,greenranger14
Harrison Barnes,,Sports,Basketball,hbarnes
Coby White,,Sports,Basketball,cobywhite
Delon Wright,,Sports,Basketball,delonwright
John Collins,,Sports,Basketball,jcollins20_
Marcus Smart,,Sports,Basketball,youngamechanger
Aaron Gordon,,Sports,Basketball,aarongordon
Derrick White,,Sports,Basketball,dwhite921
Will Barton,,Sports,Basketball,willthethrillb5
Evan Fournier,,Sports,Basketball,evanfournier10
Bogdan Bogdanović,,Sports,Basketball,bogdanbogdanovic
Danilo Gallinari,,Sports,Basketball,danilogallogallinari
Kyle Kuzma,,Sports,Basketball,kuz
RJ Barrett,,Sports,Basketball,rjbarrett
Dillon Brooks,,Sports,Basketball,dillonbrooks24
Gordon Hayward,,Sports,Basketball,gordonhayward
Goran Dragić,,Sports,Basketball,the_1_dragon
Novak Djokovic,,Sports,Tennis,djokernole
Rafael Nadal,,Sports,Tennis,rafaelnadal
Roger Federer,,Sports,Tennis,rogerfederer
Dominic Thiem,,Sports,Tennis,domithiem
Daniil Medvedev,,Sports,Tennis,medwed33
Stefanos Tsitsipas,,Sports,Tennis,stefanostsitsipas98
Alexander Zverev,,Sports,Tennis,alexzverev123
Andrey Rublev,,Sports,Tennis,andreyrublev
Diego Schwartzman,,Sports,Tennis,dieschwartzman
Matteo Berrettini,,Sports,Tennis,matberrettini
Gael Monfils,,Sports,Tennis,iamgaelmonfils
Roberto Bautista Agut,,Sports,Tennis,robertobautistaagut
Pablo Carreño Busta,,Sports,Tennis,pablo_carreno_
Denis Shapovalov,,Sports,Tennis,denis.shapovalov
David Goffin,,Sports,Tennis,david__goffin
Grigor Dimitrov,,Sports,Tennis,grigordimitrov
Fabio Fognini,,Sports,Tennis,fabiofogna
Stan Wawrinka,,Sports,Tennis,stanwawrinka85
Milos Raonic,,Sports,Tennis,mraonic
Felix Auger-Aliassime,,Sports,Tennis,felixaliassime
Cristian Garin,,Sports,Tennis,garincris
Karen Khachanov,,Sports,Tennis,karenkhachanov
Borna Ćorić,,Sports,Tennis,bornacoric
Casper Ruud,,Sports,Tennis,casperruud
Alex de Minaur,,Sports,Tennis,alexdeminaur
Taylor Fritz,,Sports,Tennis,taylor_fritz
Hubert Hurkacz,,Sports,Tennis,hubihurkacz
John Isner,,Sports,Tennis,johnrisner
Lorenzo Sonego,,Sports,Tennis,lorenzosonego
Jannik Sinner,,Sports,Tennis,janniksin
Daniel Evans,,Sports,Tennis,danevo.official
Aslan Karatsev,,Sports,Tennis,karatsev93
Reilly Opelka,,Sports,Tennis,reillyopelka
Ugo Humbert,,Sports,Tennis,ugohumbert
Nikoloz Basilashvili,,Sports,Tennis,nikolozbasilashvili
Kei Nishikori,,Sports,Tennis,keinishikori
Adrian Mannarino,,Sports,Tennis,adrianmannarino
Alexei Popyrin,,Sports,Tennis,alexeipopyrin
Benoît Paire,,Sports,Tennis,benpaire
Jan-Lennard Struff,,Sports,Tennis,jl_struff
Marin Čilić,,Sports,Tennis,marincilic
Sebastian Korda,,Sports,Tennis,sebastiankorda
Lloyd Harris,,Sports,Tennis,lloydharris24
Miomir Kecmanović,,Sports,Tennis,miomirk
Richard Gasquet,,Sports,Tennis,richardgasquet34
Albert Ramos-Viñolas,,Sports,Tennis,albertramosvinolas
Tennys Sandgren,,Sports,Tennis,tsandgren7
Jordan Thompson,,Sports,Tennis,jordanthompson2004
Frances Tiafoe,,Sports,Tennis,bigfoe1998
Pablo Cuevas,,Sports,Tennis,pablocuevas86
Yoshihito Nishioka,,Sports,Tennis,yoshihito0927
Philipp Kohlschreiber,,Sports,Tennis,kohlschreiberphilipp
Gilles Simon,,Sports,Tennis,gilles.simon84
Tommy Paul,,Sports,Tennis,tommypaull
Pablo Andújar,,Sports,Tennis,pabloandujaroficial
Feliciano López,,Sports,Tennis,felilopezoficial
João Sousa,,Sports,Tennis,joaosousaoficial
Marcos Giron,,Sports,Tennis,mcosgiron
Jo-Wilfried Tsonga,,Sports,Tennis,tsongaofficiel
Frances Tiafoe,,Sports,Tennis,bigfoe1998
Dominik Koepfer,,Sports,Tennis,dominik.koepfer
Federico Delbonis,,Sports,Tennis,fededelbonis
Sam Querrey,,Sports,Tennis,samquerrey
Steve Johnson,,Sports,Tennis,steviej345
Mackenzie McDonald,,Sports,Tennis,mackiemacster
Ilya Ivashka,,Sports,Tennis,ilyaivashka
Thanasi Kokkinakis,,Sports,Tennis,the_kokk1
Marcos Giron,,Sports,Tennis,mcosgiron
Federico Coria,,Sports,Tennis,fedecoria
Marco Cecchinato,,Sports,Tennis,ceck1
Cameron Norrie,,Sports,Tennis,norriee
James Duckworth,,Sports,Tennis,jamesduckworth21
Aljaz Bedene,,Sports,Tennis,aljazbedene
Marton Fucsovics,,Sports,Tennis,fucsovicsmarci
João Sousa,,Sports,Tennis,joaosousaoficial
Guido Pella,,Sports,Tennis,guido_pella
Yannick Hanfmann,,Sports,Tennis,yannick_hanfmann
Salvatore Caruso,,Sports,Tennis,sabbocaruso
Corentin Moutet,,Sports,Tennis,corentin.moutet
Mikael Ymer,,Sports,Tennis,ymerjr
Soonwoo Kwon,,Sports,Tennis,soonwookwon
Stefano Travaglia,,Sports,Tennis,stefanotravaglia91
Radu Albot,,Sports,Tennis,radu.albot11
Gianluca Mager,,Sports,Tennis,CqYdpy4t9d2
Alejandro Davidovich Fokina,,Sports,Tennis,aledavidovichofficial
Jordan Thompson,,Sports,Tennis,jordanthompson2004
Ricardas Berankis,,Sports,Tennis,berankisr
Dominik Koepfer,,Sports,Tennis,dominik.koepfer
Thiago Monteiro,,Sports,Tennis,thiagomonteiro94
Denis Kudla,,Sports,Tennis,deniskudla
Andreas Seppi,,Sports,Tennis,andyseppio
Marcos Giron,,Sports,Tennis,mcosgiron
Jaume Munar,,Sports,Tennis,munarclar
Jaume Munar,,Sports,Tennis,munarclar
Tennys Sandgren,,Sports,Tennis,tsandgren7
Tommy Paul,,Sports,Tennis,tommypaull
Feliciano López,,Sports,Tennis,felilopezoficial
João Sousa,,Sports,Tennis,joaosousaoficial
Marco Cecchinato,,Sports,Tennis,ceck1
Marton Fucsovics,,Sports,Tennis,fucsovicsmarci
Tiger Woods,,Sports,Golf,tigerwoods
Rory McIlroy,,Sports,Golf,rorymcilroy
Dustin Johnson,,Sports,Golf,dustinjohnsongolf
Justin Thomas,,Sports,Golf,justinthomas34
Jon Rahm,,Sports,Golf,jonrahm
Canelo Alvarez,,Sports,Boxing,canelo
Tyson Fury,,Sports,Boxing,tysonfury
Anthony Joshua,,Sports,Boxing,anthonyjoshua
Terence Crawford,,Sports,Boxing,tbudcrawford
Gennady Golovkin,,Sports,Boxing,gggboxing
Michael Phelps,,Sports,Swimming,m_phelps00
Katie Ledecky,,Sports,Swimming,katieledecky
Caeleb Dressel,,Sports,Swimming,caelebdressel
Adam Peaty,,Sports,Swimming,adam_peaty
Sarah Sjöström,,Sports,Swimming,sarahsjostrom
Usain Bolt,,Sports,Athletics,usainbolt
Eliud Kipchoge,,Sports,Athletics,kipchogeeliud
Allyson Felix,,Sports,Athletics,allysonfelix
Shelly-Ann Fraser-Pryce,,Sports,Athletics,realshellyannfp
Mo Farah,,Sports,Athletics,sirmofarah
Khabib Nurmagomedov,,Sports,Mixed Martial Arts,khabib_nurmagomedov
Jon Jones,,Sports,Mixed Martial Arts,jonnybones
Israel Adesanya,,Sports,Mixed Martial Arts,stylebender
Kamaru Usman,,Sports,Mixed Martial Arts,usman84kg
Amanda Nunes,,Sports,Mixed Martial Arts,feed
Kento Momota,,Sports,Badminton,momota_kento
Viktor Axelsen,,Sports,Badminton,viktoraxelsen
Tai Tzu-ying,,Sports,Badminton,tai_tzuying
Carolina Marín,,Sports,Badminton,carolinamarin
PV Sindhu,,Sports,Badminton,pvsindhu1
Lewis Hamilton,,Sports,Formula 1 Racing,lewishamilton
Sebastian Vettel,,Sports,Formula 1 Racing,sebastianvettel
Fernando Alonso,,Sports,Formula 1 Racing,fernandoalo_oficial
Max Verstappen,,Sports,Formula 1 Racing,maxverstappen1
Kimi Räikkönen,,Sports,Formula 1 Racing,kimimatiasraikkonen
Valentino Rossi,,Sports,MotoGP,valeyellow46
Marc Márquez,,Sports,MotoGP,marcmarquez93
Jorge Lorenzo,,Sports,MotoGP,jorgelorenzo99
Andrea Dovizioso,,Sports,MotoGP,andreadovizioso
Casey Stoner,,Sports,MotoGP,official_cs27
Simone Biles,,Sports,Gymnastics,simonebiles
Kohei Uchimura,,Sports,Gymnastics,kohei_198913
Larisa Iordache,,Sports,Gymnastics,larisa_iordache
Max Whitlock,,Sports,Gymnastics,maxwhitlock
Aliya Mustafina,,Sports,Gymnastics,musaliya135
Yana Kudryavtseva,,Sports,Gymnastics,kudryavtseva_y
Margarita Mamun,,Sports,Gymnastics,ritamamun
Dina Averina,,Sports,Gymnastics,arishadina1998
Evgenia Kanaeva,,Sports,Gymnastics,evgeniyakanaeva
Alina Kabaeva,,Sports,Gymnastics,alinakabaeva.official
Ivan Gerasimov,,Sports,Gymnastics,xshafter
Marina Chernova,,Sports,Gymnastics,livepaintingbymarina
Konstantin Pilipchuk,,Sports,Gymnastics,konstantin_autosfera
Yulia Nikitina,,Sports,Gymnastics,julijanikitina1
Yevgeny Korotkov,,Sports,Gymnastics,korotkov_93
,,Sports,,misonani
,,Sports,,misonani
,,Sports,,misonani
,,Sports,,misonani
,,Sports,,misonani
,,Sports,,misonani
,,Sports,,misonani
,,Sports,,misonani
,,Sports,,misonani
,,Sports,,misonani
,,Sports,,misonani
,,Sports,,misonani
,,Sports,,misonani
,,Sports,,misonani
,,Sports,,misonani
